{
  "IcoMoonType": "selection",
  "icons": [
    {
      "icon": {
        "paths": [
          "M624.667 86.933v850.068c0 41.006-33.242 74.248-74.248 74.248h-463.42c-41.006 0-74.248-33.242-74.248-74.248v-850.068c0-41.006 33.242-74.248 74.248-74.248h463.42c41.006 0 74.248 33.242 74.248 74.248z",
          "M550.486 3.453h-463.486c-46.191-0-83.641 37.426-83.679 83.608l-0 0.004v850.068c0 46.214 37.464 83.679 83.679 83.679v0h463.486c46.186-0.038 83.612-37.488 83.612-83.679l-0-0v-850.068c-0-46.178-37.434-83.612-83.612-83.612h0zM596.243 937.001c-0-0 0 0 0 0 0 25.395-20.567 45.985-45.953 46.023l-0.004 0h-463.287c-25.403-0.038-45.985-20.62-46.023-46.020l-0-0.004v-850.068c0.075-25.374 20.644-45.919 46.020-45.957l0.004-0h463.486c25.366 0.038 45.919 20.591 45.957 45.953l0 0.004z",
          "M167.224 573.198h302.837c0-83.663-67.822-151.485-151.485-151.485s-151.485 67.822-151.485 151.485v0z",
          "M434.996 305.427c0 64.223-52.063 116.287-116.287 116.287s-116.287-52.063-116.287-116.287c0-64.223 52.063-116.287 116.287-116.287s116.287 52.063 116.287 116.287z"
        ],
        "attrs": [
          {
            "fill": "rgb(94, 161, 178)"
          },
          {
            "fill": "rgb(191, 217, 224)"
          },
          {
            "fill": "rgb(191, 217, 224)"
          },
          {
            "fill": "rgb(191, 217, 224)"
          }
        ],
        "width": 637,
        "isMulticolor": true,
        "isMulticolor2": false,
        "grid": 0,
        "tags": [
          "mainSVG"
        ],
        "colorPermutations": {
          "1912172241941611781": [
            {
              "f": 0
            },
            {
              "f": 1
            },
            {
              "f": 1
            },
            {
              "f": 1
            }
          ]
        }
      },
      "attrs": [
        {
          "fill": "rgb(94, 161, 178)"
        },
        {
          "fill": "rgb(191, 217, 224)"
        },
        {
          "fill": "rgb(191, 217, 224)"
        },
        {
          "fill": "rgb(191, 217, 224)"
        }
      ],
      "properties": {
        "order": 40,
        "id": 0,
        "name": "mainSVG",
        "prevSize": 32
      },
      "setIdx": 0,
      "setId": 10,
      "iconIdx": 0
    },
    {
      "icon": {
        "paths": [
          "M512 0c-176.732 0-320 143.268-320 320 0 320 320 704 320 704s320-384 320-704c0-176.732-143.27-320-320-320zM512 516c-108.248 0-196-87.752-196-196s87.752-196 196-196 196 87.752 196 196-87.752 196-196 196zM388 320c0-68.483 55.517-124 124-124s124 55.517 124 124c0 68.483-55.517 124-124 124s-124-55.517-124-124z"
        ],
        "tags": [
          "location",
          "map-marker",
          "pin"
        ],
        "defaultCode": 59720,
        "grid": 16,
        "attrs": []
      },
      "attrs": [],
      "properties": {
        "ligatures": "location2, map-marker2",
        "name": "location2",
        "order": 39,
        "id": 73,
        "prevSize": 32
      },
      "setIdx": 9,
      "setId": 1,
      "iconIdx": 72
    }
  ],
  "height": 1024,
  "preferences": {
    "showGlyphs": true,
    "showQuickUse": true,
    "showQuickUse2": true,
    "showSVGs": true,
    "fontPref": {
      "prefix": "icon-",
      "metadata": {
        "fontFamily": "icomoon"
      },
      "metrics": {
        "emSize": 1024,
        "baseline": 6.25,
        "whitespace": 50
      },
      "embed": false
    },
    "imagePref": {
      "prefix": "icon-",
      "png": true,
      "useClassSelector": true,
      "color": 0,
      "bgColor": 16777215,
      "classSelector": ".icon",
      "name": "icomoon"
    },
    "historySize": 50,
    "showCodes": true,
    "gridSize": 16,
    "showGrid": false
  }
}